<ImportExportXml xmlns:xsi="http://www.w3.org/2001/XMLSchema-instance" OrganizationVersion="9.2.24123.198" OrganizationSchemaType="Standard" CRMServerServiceabilityVersion="9.2.24123.00208">
  <Entities></Entities>
  <Roles></Roles>
  <Workflows></Workflows>
  <FieldSecurityProfiles></FieldSecurityProfiles>
  <Templates />
  <EntityMaps />
  <EntityRelationships />
  <OrganizationSettings />
  <optionsets />
  <CustomControls>
    <CustomControl>
      <Name>rcl_pcfs.audit.AuditMonitor</Name>
      <FileName>/Controls/rcl_pcfs.audit.AuditMonitor/ControlManifest.xml</FileName>
    </CustomControl>
  </CustomControls>
  <EntityDataProviders />
  <Languages>
    <Language>1046</Language>
    <Language>1033</Language>
    <Language>1036</Language>
    <Language>3082</Language>
  </Languages>
</ImportExportXml>